placement,frame,source,timestamp,calibration_ok,calibration_reason,object_detected,detection_reason,center_x,center_y,rotation_deg,length,width,marker_size_error,units,gt_x,gt_y,gt_rotation_deg
1,0,p01_f00.png,2026-09-26T21:09:31.553,True,,True,,22.157747205654633,13.727803409702027,-62.9852622711897,11.12385469059334,8.591464848079674,0.0555860709101923,in,22.128530637342426,13.707953857940304,-62.9887926050395
1,1,p01_f01.png,2026-09-26T21:09:32.037,True,,True,,22.159926693910055,13.726106360649498,-62.99236962123183,11.123753905330926,8.5906749330112,0.055491658274723576,in,22.128530637342426,13.707953857940304,-62.9887926050395
1,2,p01_f02.png,2026-09-26T21:09:32.347,True,,True,,22.158380123153076,13.726200784482783,-62.995575335724766,11.124713401426705,8.591147884102824,0.05541453839160981,in,22.128530637342426,13.707953857940304,-62.9887926050395
2,0,p02_f00.png,2026-09-26T21:09:32.664,True,,True,,15.48292762550226,15.815310281648479,-13.872178147334793,11.102272793911876,8.582677453092955,0.04796236563318068,in,15.519345249660745,15.784367592345692,-13.898758811376993
2,1,p02_f01.png,2026-09-26T21:09:33.137,True,,True,,15.483100801528582,15.815638218438778,-13.877673478680379,11.102267148194851,8.58197031878804,0.04829855807602623,in,15.519345249660745,15.784367592345692,-13.898758811376993
2,2,p02_f02.png,2026-09-26T21:09:33.464,True,,True,,15.484312720543867,15.815004380599936,-13.872612045846594,11.101609541073701,8.58180621763587,0.048590786643440076,in,15.519345249660745,15.784367592345692,-13.898758811376993
3,0,p03_f00.png,2026-09-26T21:09:33.765,True,,True,,17.988174423863402,14.32868421671796,65.19573344344099,11.11651258955439,8.596470247319846,0.04773911575208656,in,17.987398907274905,14.31280424446458,65.18123728337306
3,1,p03_f01.png,2026-09-26T21:09:34.249,True,,True,,17.988666411673627,14.328619767235203,65.19418902546579,11.11595402216081,8.596498614943545,0.04719703524693575,in,17.987398907274905,14.31280424446458,65.18123728337306
3,2,p03_f02.png,2026-09-26T21:09:34.548,True,,True,,17.987936186265248,14.329347111582916,65.18572902754417,11.116090601394657,8.596589765362019,0.047976967651059965,in,17.987398907274905,14.31280424446458,65.18123728337306
4,0,p04_f00.png,2026-09-26T21:09:34.861,True,,True,,12.67875118657709,12.968873561020843,-51.090607457111616,11.098937963714278,8.57781822695675,0.04916568907427887,in,12.767346014689714,12.94287297612102,-51.0797896165774
4,1,p04_f01.png,2026-09-26T21:09:35.361,True,,True,,12.676799175392548,12.96957779666467,-51.08783648661458,11.098423552777785,8.576242528892479,0.050013017787587266,in,12.767346014689714,12.94287297612102,-51.0797896165774
4,2,p04_f02.png,2026-09-26T21:09:35.673,True,,True,,12.67739173455272,12.969357478425355,-51.09108945479838,11.098937013517109,8.577130034530324,0.05000707276928251,in,12.767346014689714,12.94287297612102,-51.0797896165774
5,0,p05_f00.png,2026-09-26T21:09:35.986,True,,True,,25.38573449234963,10.671817621259706,-54.70429454671506,11.092652301910963,8.560773597781193,0.056102337662457646,in,25.316969437929767,10.699570554504373,-54.68941584571105
5,1,p05_f01.png,2026-09-26T21:09:36.460,True,,True,,25.386005880550965,10.671396763109966,-54.71043421450514,11.092687318577216,8.561077732590071,0.056419924922144205,in,25.316969437929767,10.699570554504373,-54.68941584571105
5,2,p05_f02.png,2026-09-26T21:09:36.767,True,,True,,25.38495879683146,10.672319172655925,-54.70801503639581,11.092493126544696,8.560868414709974,0.05669440607395382,in,25.316969437929767,10.699570554504373,-54.68941584571105
6,0,p06_f00.png,2026-09-26T21:09:37.102,True,,True,,21.07838459547932,12.558512370793395,78.70460527428321,11.10733157485912,8.57529005136782,0.04852192198111638,in,21.036008806476737,12.577880958590974,78.72176587121425
6,1,p06_f01.png,2026-09-26T21:09:37.563,True,,True,,21.079475417786917,12.5583599249966,78.70336372655157,11.108127002211766,8.575606369331815,0.04941595508017205,in,21.036008806476737,12.577880958590974,78.72176587121425
6,2,p06_f02.png,2026-09-26T21:09:37.870,True,,True,,21.07904156393066,12.558638756248179,78.69965006848221,11.107337193435548,8.575890337991847,0.048880634152514535,in,21.036008806476737,12.577880958590974,78.72176587121425
7,0,p07_f00.png,2026-09-26T21:09:38.170,True,,True,,24.932613352564637,13.955005185489076,21.150939379536595,11.06625287905177,8.577725650015468,0.04863822703910081,in,24.861659874280306,13.944650058929536,21.108984606950983
7,1,p07_f01.png,2026-09-26T21:09:38.651,True,,True,,24.932350974626118,13.954409153808182,21.153885238996622,11.066792365678264,8.577350527188205,0.048772268992881784,in,24.861659874280306,13.944650058929536,21.108984606950983
7,2,p07_f02.png,2026-09-26T21:09:38.950,True,,True,,24.93357610853058,13.955102011636594,21.154805435063253,11.066348784505061,8.577726356194596,0.0490023695066113,in,24.861659874280306,13.944650058929536,21.108984606950983
8,0,p08_f00.png,2026-09-26T21:09:39.271,True,,True,,23.1298483091357,13.576892981356592,-82.34947299322951,11.132911508528093,8.581403168901488,0.05980454536437252,in,23.05739783216791,13.568875570618584,-82.43787796763651
8,1,p08_f01.png,2026-09-26T21:09:39.753,True,,True,,23.12955182992037,13.575774335354101,-82.35458794162929,11.132340551310222,8.581206429579936,0.05986769479618026,in,23.05739783216791,13.568875570618584,-82.43787796763651
8,2,p08_f02.png,2026-09-26T21:09:40.073,True,,True,,23.12941858585858,13.576861718287134,-82.3463482008869,11.133037452046988,8.58160050789083,0.059939063140569626,in,23.05739783216791,13.568875570618584,-82.43787796763651
9,0,p09_f00.png,2026-09-26T21:09:40.389,True,,True,,14.113478255569342,11.441492912183438,54.841086237433814,11.126191245696432,8.601146359692068,0.05298763585182442,in,14.137819436379004,11.464107424516516,54.82531180777494
9,1,p09_f01.png,2026-09-26T21:09:40.892,True,,True,,14.11244123702127,11.441618240986653,54.83141155649895,11.125815094683109,8.601193741473677,0.05388202123498642,in,14.137819436379004,11.464107424516516,54.82531180777494
9,2,p09_f02.png,2026-09-26T21:09:41.210,True,,True,,14.112487352985024,11.442383812025724,54.83550430964897,11.126351632805907,8.601228841576162,0.053305489531561445,in,14.137819436379004,11.464107424516516,54.82531180777494
10,0,p10_f00.png,2026-09-26T21:09:41.517,True,,True,,8.736993328489815,7.75923514642999,-6.344460631354039,11.056400379417052,8.561757377233747,0.05278337989509785,in,8.827638910995315,7.801682344717229,-6.193023926085274
10,1,p10_f01.png,2026-09-26T21:09:42.001,True,,True,,8.735995575985886,7.759623887070823,-6.345833838107652,11.05699899900871,8.561439274866228,0.053677325333618686,in,8.827638910995315,7.801682344717229,-6.193023926085274
10,2,p10_f02.png,2026-09-26T21:09:42.310,True,,True,,8.737274768858054,7.758331264515185,-6.343604208520944,11.056640573267408,8.561342844930754,0.053623920346410614,in,8.827638910995315,7.801682344717229,-6.193023926085274
11,0,p11_f00.png,2026-09-26T21:09:42.638,True,,True,,16.599977589360563,14.249493574145694,22.742955784313864,11.101236875952793,8.58802120235893,0.048614002499700604,in,16.616996878068953,14.216721591587817,22.765632466442895
11,1,p11_f01.png,2026-09-26T21:09:43.108,True,,True,,16.600833651342832,14.249632728440915,22.749282502080746,11.101301858169318,8.588159606519424,0.048307679091314615,in,16.616996878068953,14.216721591587817,22.765632466442895
11,2,p11_f02.png,2026-09-26T21:09:43.387,True,,True,,16.600834789500105,14.24946715959284,22.746542176702008,11.10149292990765,8.58871860121791,0.048845847793995034,in,16.616996878068953,14.216721591587817,22.765632466442895
12,0,p12_f00.png,2026-09-26T21:09:43.689,True,,True,,22.787280338986914,12.372672725247202,74.5137083691474,11.104773370657737,8.570728040471634,0.047130863396682265,in,22.720796104668175,12.367646731673965,74.47389136092312
12,1,p12_f01.png,2026-09-26T21:09:44.151,True,,True,,22.787803224117447,12.3715791993576,74.51602530642458,11.105237516909591,8.570526412546156,0.04800218552416036,in,22.720796104668175,12.367646731673965,74.47389136092312
12,2,p12_f02.png,2026-09-26T21:09:44.440,True,,True,,22.786132423087793,12.371090139133488,74.51507753034741,11.104499717322415,8.569924515836448,0.047910613852744977,in,22.720796104668175,12.367646731673965,74.47389136092312
13,0,p13_f00.png,2026-09-26T21:09:44.732,True,,True,,11.02987842591546,12.25789414200088,70.56305568314525,11.100282444584096,8.558454224949017,0.05094617954458114,in,11.133796462249546,12.256013864640806,70.47596769684293
13,1,p13_f01.png,2026-09-26T21:09:45.217,True,,True,,11.029582276051421,12.258014068112399,70.56056769325829,11.099398255669184,8.558205562661751,0.050715963428957345,in,11.133796462249546,12.256013864640806,70.47596769684293
13,2,p13_f02.png,2026-09-26T21:09:45.528,True,,True,,11.029358469198895,12.258141677199628,70.55789935191723,11.099301671468595,8.557953886962972,0.050190512260775755,in,11.133796462249546,12.256013864640806,70.47596769684293
14,0,p14_f00.png,2026-09-26T21:09:45.831,True,,True,,9.879857455965649,11.85704215715182,-26.1799536430336,11.082078350937255,8.57915478726519,0.05686155724864017,in,9.95619164260626,11.885493008020276,-26.091099532755983
14,1,p14_f01.png,2026-09-26T21:09:46.296,True,,True,,9.878203378989232,11.85615668876373,-26.180043446342708,11.082225093220185,8.578845483891826,0.05642800478365695,in,9.95619164260626,11.885493008020276,-26.091099532755983
14,2,p14_f02.png,2026-09-26T21:09:46.594,True,,True,,9.879494896190824,11.857264635098964,-26.18830704807347,11.082922070456005,8.578985316701509,0.056815130668129044,in,9.95619164260626,11.885493008020276,-26.091099532755983
15,0,p15_f00.png,2026-09-26T21:09:46.896,True,,True,,9.92342081099049,14.431928549569921,-11.568809583185214,11.07165182688184,8.589051450743284,0.05284356353243469,in,10.019740807980366,14.418334114760711,-11.543554131528325
15,1,p15_f01.png,2026-09-26T21:09:47.413,True,,True,,9.923433544112186,14.432012873384501,-11.560847133572835,11.070013185547026,8.588522186756029,0.0519067793652348,in,10.019740807980366,14.418334114760711,-11.543554131528325
15,2,p15_f02.png,2026-09-26T21:09:47.715,True,,True,,9.923396382272948,14.432061871925022,-11.56486840243133,11.070768758024066,8.588898507563382,0.052391780886109185,in,10.019740807980366,14.418334114760711,-11.543554131528325
16,0,p16_f00.png,2026-09-26T21:09:48.018,True,,True,,9.88528473411653,13.039755895142765,-13.5903314783923,11.073276445533335,8.583040854358796,0.04890813110654735,in,9.960458291136892,13.011165546732578,-13.599580021923956
16,1,p16_f01.png,2026-09-26T21:09:48.499,True,,True,,9.885514985240697,13.040013161920013,-13.590942787374743,11.07410097175488,8.582629635792575,0.049430645554692454,in,9.960458291136892,13.011165546732578,-13.599580021923956
16,2,p16_f02.png,2026-09-26T21:09:48.797,True,,True,,9.88564126252043,13.039572612854325,-13.586093363992305,11.074080278581917,8.582947576034723,0.04929989227232623,in,9.960458291136892,13.011165546732578,-13.599580021923956
17,0,p17_f00.png,2026-09-26T21:09:49.096,True,,True,,15.417598568497597,11.369520968328636,37.67912794963988,11.111758725769597,8.591649035851347,0.049538372625385296,in,15.437031580212317,11.40283170110288,37.69826274401727
17,1,p17_f01.png,2026-09-26T21:09:49.583,True,,True,,15.418642796402587,11.370549072201094,37.681079083686825,11.111857695950373,8.591780927276693,0.04865169268589398,in,15.437031580212317,11.40283170110288,37.69826274401727
17,2,p17_f02.png,2026-09-26T21:09:49.880,True,,True,,15.417475701928154,11.371339344182086,37.68466266755331,11.11134328139758,8.590971834398385,0.049857630423043364,in,15.437031580212317,11.40283170110288,37.69826274401727
18,0,p18_f00.png,2026-09-26T21:09:50.177,True,,True,,12.898815400751793,12.36326158400448,-77.40796205696984,11.110006858628132,8.58972571360344,0.053315331127971266,in,12.943654731917537,12.354402293992461,-77.31916910318131
18,1,p18_f01.png,2026-09-26T21:09:50.658,True,,True,,12.899445120335983,12.362323662062266,-77.40589543143761,11.11006724625283,8.589333383448334,0.052943132888092936,in,12.943654731917537,12.354402293992461,-77.31916910318131
18,2,p18_f02.png,2026-09-26T21:09:50.963,True,,True,,12.899632900594368,12.362568312635826,-77.40691082449547,11.110627469835,8.589753798002235,0.0533979256560273,in,12.943654731917537,12.354402293992461,-77.31916910318131
19,0,p19_f00.png,2026-09-26T21:09:51.259,True,,True,,13.939790859814833,10.374855745950438,41.098807097163785,11.11640945714738,8.582902219643245,0.05118250030528859,in,13.95600934858987,10.397834290775226,41.12234558669164
19,1,p19_f01.png,2026-09-26T21:09:51.709,True,,True,,13.940304969916784,10.375135031049808,41.09626116528062,11.115745749416643,8.582977618757013,0.05109218896346812,in,13.95600934858987,10.397834290775226,41.12234558669164
19,2,p19_f02.png,2026-09-26T21:09:52.000,True,,True,,13.939904294015028,10.37553629098448,41.10798285021508,11.116153044349447,8.582631202467368,0.05142124305977891,in,13.95600934858987,10.397834290775226,41.12234558669164
20,0,p20_f00.png,2026-09-26T21:09:52.293,True,,True,,16.95429800871492,15.602427193202676,8.039393744056,11.114480920137192,8.58820240442158,0.04726162484087881,in,16.975936263072683,15.587223985202254,8.04018850838797
20,1,p20_f01.png,2026-09-26T21:09:52.748,True,,True,,16.954041846638887,15.603899085054696,8.040585913413793,11.115430154946758,8.589170226856705,0.04730241532964907,in,16.975936263072683,15.587223985202254,8.04018850838797
20,2,p20_f02.png,2026-09-26T21:09:53.022,True,,True,,16.95496562859137,15.6031608397547,8.044966409683823,11.11534198931551,8.588641197592906,0.04750480360597109,in,16.975936263072683,15.587223985202254,8.04018850838797
21,0,p21_f00.png,2026-09-26T21:09:53.310,True,,True,,11.884538515583646,11.61680003390407,39.84224359421731,11.10493181966719,8.589462557263694,0.04857552778284946,in,11.92239492606977,11.598160441810244,39.81165555794166
21,1,p21_f01.png,2026-09-26T21:09:53.775,True,,True,,11.88596116960056,11.61713925605124,39.83614095702913,11.105508366482905,8.589980571682162,0.048682879541181556,in,11.92239492606977,11.598160441810244,39.81165555794166
21,2,p21_f02.png,2026-09-26T21:09:54.075,True,,True,,11.884762742326174,11.6168631413676,39.840329218307176,11.104619717068552,8.589544113931591,0.04883695351164885,in,11.92239492606977,11.598160441810244,39.81165555794166
22,0,p22_f00.png,2026-09-26T21:09:54.370,True,,True,,19.060361048060795,15.097675983476663,-2.3469051499266556,11.115170321163156,8.587581430061533,0.0523738106177567,in,19.04885528882691,15.068683509064197,-2.326806401692153
22,1,p22_f01.png,2026-09-26T21:09:54.815,True,,True,,19.060416738245998,15.097570149051247,-2.349129501928971,11.11499078250582,8.588226108059331,0.05178140640452167,in,19.04885528882691,15.068683509064197,-2.326806401692153
22,2,p22_f02.png,2026-09-26T21:09:55.101,True,,True,,19.0597335661418,15.097910061574716,-2.3422198340238936,11.115314414731731,8.588030298802607,0.051806675709286765,in,19.04885528882691,15.068683509064197,-2.326806401692153
23,0,p23_f00.png,2026-09-26T21:09:55.402,True,,True,,12.822805493224454,9.900658328280475,-46.249076429004816,11.102928803202264,8.581240037515716,0.05211681711528371,in,12.887382484655049,9.937434528749755,-46.22141334311358
23,1,p23_f01.png,2026-09-26T21:09:55.875,True,,True,,12.82253950551734,9.901444106377916,-46.251790319278456,11.10361737600445,8.581129039780619,0.052487608025923116,in,12.887382484655049,9.937434528749755,-46.22141334311358
23,2,p23_f02.png,2026-09-26T21:09:56.186,True,,True,,12.822925352273407,9.901250262261794,-46.25049293892965,11.103619154248968,8.58058891590369,0.05230302955540855,in,12.887382484655049,9.937434528749755,-46.22141334311358
24,0,p24_f00.png,2026-09-26T21:09:56.498,True,,True,,11.68123126414844,9.84432128634011,21.458708151817973,11.08277534640945,8.59785718980628,0.05900811218726609,in,11.737280336174429,9.886532987236574,21.525366670935057
24,1,p24_f01.png,2026-09-26T21:09:56.970,True,,True,,11.681197293501535,9.84508657174676,21.461534731834732,11.082426619471441,8.597725362483814,0.058585270006012546,in,11.737280336174429,9.886532987236574,21.525366670935057
24,2,p24_f02.png,2026-09-26T21:09:57.260,True,,True,,11.681768722497104,9.844015841169522,21.466635823074228,11.082454488650729,8.59843030838518,0.05885146633329974,in,11.737280336174429,9.886532987236574,21.525366670935057
25,0,p25_f00.png,2026-09-26T21:09:57.547,True,,True,,23.89773198482516,11.616672315686275,-39.2884069043524,11.084527411679622,8.588735056703612,0.050509097713453244,in,23.846743840541304,11.611589990256455,-39.23945726121058
25,1,p25_f01.png,2026-09-26T21:09:58.009,True,,True,,23.897907253889954,11.61717579615723,-39.2824852217494,11.08504778193749,8.589438366367272,0.049981801980716334,in,23.846743840541304,11.611589990256455,-39.23945726121058
25,2,p25_f02.png,2026-09-26T21:09:58.298,True,,True,,23.897807391108383,11.616751883189687,-39.282252057973864,11.084056831862544,8.589760774060569,0.050522023063345856,in,23.846743840541304,11.611589990256455,-39.23945726121058
neg_no_paper,0,neg_no_paper.png,2026-09-26T21:09:58.707,True,,False,no contrasting object in calibrated area,,,,,,0.01639944889955469,in,,,
neg_marker_hidden,0,neg_marker_hidden.png,2026-09-26T21:09:59.217,False,reference marker(s) not found: [2],False,calibration invalid,,,,,,,in,,,
neg_paper_off_edge,0,neg_paper_off_edge.png,2026-09-26T21:09:59.735,True,,False,touches edge of calibrated area,,,,,,0.014765515929436202,in,,,
neg_two_papers,0,neg_two_papers.png,2026-09-26T21:10:00.288,True,,False,not 4-sided (8 vertices) - overlapping a marker or leaving the area?,,,,,,0.01439490729948556,in,,,
